intro	Đây là video demo gameplay của Nihongo Life, game mô phỏng cuộc sống 3D giúp người chơi học tiếng Nhật trình độ N5. Mọi cảnh quay được ghi trực tiếp từ bản Unity hiện tại.
hud	Người chơi bắt đầu ở thị trấn Hibari. Giao diện được thu gọn: góc dưới bên trái là cấp độ, năm chỉ số sinh hoạt và số tiền; thông báo hiện ở phía trên rồi tự ẩn.
move	Di chuyển bằng W A S D, chuột xoay camera. Khi cần bấm vào giao diện, chỉ cần giữ phím Ctrl để hiện con trỏ.
settings	Phím O mở Cài đặt: âm lượng, ngôn ngữ giao diện, độ nhạy chuột, đảo trục, và bảng phím điều khiển có thể đổi. Esc để đóng.
profile	Phím Tab mở hồ sơ nhân vật, gồm cấp độ, kinh nghiệm và điểm kiến thức tiếng Nhật.
journal	Phím N mở sổ nhiệm vụ. Ca làm thêm ở konbini ghi rõ mục tiêu, tiền lương sáu trăm yên và điểm thưởng. Bấm Nhận ca làm để bắt đầu.
stock	Ca làm gồm các thao tác thật. Lấy thùng hàng ở kho, mang tới từng kệ rồi xếp lên. Mỗi thao tác có thanh tiến trình riêng.
customer	Khách hỏi bằng tiếng Nhật. Chọn sai thì khách vẫn đợi và không được tính; phải chọn câu trả lời phù hợp mới hoàn thành mục tiêu.
customer2	Khách thứ hai cũng cần được giúp.
register	Ở quầy thu ngân, quét hàng rồi trả lời tổng số tiền bằng tiếng Nhật.
paid	Đủ mục tiêu thì báo cáo với quản lý Ito để nhận sáu trăm yên, bốn mươi điểm kinh nghiệm và sáu điểm kiến thức. Mỗi ca chỉ được trả một lần.
spend	Tiền lương dùng được ngay: mua một nắm cơm onigiri. Mua đồ ăn thật cũng hoàn thành nhiệm vụ hằng ngày.
station	Ở ga Hibari, mua vé đi đảo Midori giá bốn trăm năm mươi yên, qua cổng soát vé, rồi lên tàu khi tàu vào ga.
train	Chuyến tàu đưa người chơi băng qua biển, tới đảo Midori.
island	Đảo Midori có ruộng, chuồng thú, cửa hàng và ga tàu riêng. Tiền trên đảo dùng chung một ví với thành phố.
hana	Hana, quản lý nông trại, giao ca phụ việc: xới, gieo, tưới hai luống và cho một con vật ăn. Nhận việc sẽ được phát hai gói hạt cà rốt.
hand	Không có cuốc thì không xới được đất. Thẻ ô ruộng nói rõ cần dụng cụ gì và mở thẳng cửa hàng Midori.
hoe	Có cuốc thì xới được ngay. Mỗi lần dùng, cuốc mòn đi một chút; hết độ bền thì hỏng và phải mua cái mới.
plant	Gieo hạt cà rốt và tưới nước cho cả hai luống.
grow	Cây lớn theo thời gian thực và cần tưới lại ở mỗi giai đoạn. Trong video, đồng hồ nông trại được tua nhanh để xem trọn vòng đời.
harvest	Thu hoạch cà rốt, rồi dùng chính nông sản đó cho vật nuôi ăn.
farmpaid	Báo cáo với Hana để nhận năm trăm yên tiền công.
sell	Ở cửa hàng Midori, bán nông sản để lấy tiền, hoặc mua thêm hạt giống và dụng cụ.
english	Ngôn ngữ mục tiêu có thể chuyển sang tiếng Anh; tên hàng hoá và ô ruộng đổi theo.
save	Tiền, kinh nghiệm, nhiệm vụ, túi đồ và trạng thái ruộng đều được lưu vào tiến trình của người chơi.
return	Mua vé ở máy bán vé của đảo, lên tàu, và trở về ga Hibari.
back	Người chơi trở lại Hibari với số tiền và kinh nghiệm vừa kiếm được, sẵn sàng cho ngày tiếp theo.
outro	Ngoài ra, Nihongo Life còn có lớp học, phòng thi thử JLPT và IELTS, cùng Game Center với trò Kana Match. Cảm ơn thầy cô và các bạn đã theo dõi.
